entry_dt,exit_dt,dir,sess,weekday,entry,sl,tp,exit,result,pnl_pts,pnl_r,risk
2026-05-04 15:16,2026-05-04 15:40,SHORT,London,Mon,4575.34,4579.52,4566.98,4579.52,LOSS,-4.18,-1.0,4.18
2026-05-04 15:58,2026-05-04 16:02,SHORT,London,Mon,4576.29,4578.31,4572.249999999999,4578.31,LOSS,-2.02,-1.0,2.02
2026-05-04 21:01,2026-05-04 21:02,SHORT,NY,Mon,4563.16,4565.38,4558.719999999999,4565.38,LOSS,-2.22,-1.0,2.22
2026-05-04 21:30,2026-05-04 21:49,LONG,NY,Mon,4576.24,4570.0,4588.719999999999,4570.0,LOSS,-6.24,-1.0,6.24
2026-05-05 15:18,2026-05-05 15:38,LONG,London,Tue,4552.1,4548.84,4558.620000000001,4548.84,LOSS,-3.26,-1.0,3.26
2026-05-05 16:43,2026-05-05 16:46,LONG,London,Tue,4555.2,4554.49,4556.62,4556.62,WIN,1.42,2.0,0.71
2026-05-05 17:04,2026-05-05 17:08,LONG,London,Tue,4555.81,4554.33,4558.770000000001,4554.33,LOSS,-1.48,-1.0,1.48
2026-05-05 21:04,2026-05-05 21:08,LONG,NY,Tue,4578.71,4576.26,4583.61,4583.61,WIN,4.9,2.0,2.45
2026-05-05 21:39,2026-05-05 21:47,LONG,NY,Tue,4581.27,4578.71,4586.390000000001,4578.71,LOSS,-2.56,-1.0,2.56
2026-05-05 21:58,2026-05-05 22:01,LONG,NY,Tue,4581.38,4579.38,4585.38,4579.38,LOSS,-2.0,-1.0,2.0
2026-05-06 15:23,2026-05-06 15:29,LONG,London,Wed,4679.63,4677.429999999999,4684.030000000002,4677.429999999999,LOSS,-2.2,-1.0,2.2
2026-05-06 16:08,2026-05-06 16:37,LONG,London,Wed,4695.96,4691.429999999999,4705.020000000001,4705.020000000001,WIN,9.06,2.0,4.53
2026-05-06 17:06,2026-05-06 17:07,LONG,London,Wed,4701.55,4699.46,4705.7300000000005,4699.46,LOSS,-2.09,-1.0,2.09
2026-05-06 21:07,2026-05-06 22:12,LONG,NY,Wed,4704.99,4697.53,4719.91,4697.53,LOSS,-7.46,-1.0,7.46
2026-05-06 22:48,2026-05-06 22:59,SHORT,NY,Wed,4692.93,4694.81,4689.17,4689.17,WIN,3.76,2.0,1.88
2026-05-07 16:32,2026-05-07 16:33,LONG,London,Thu,4735.46,4733.849999999999,4738.680000000001,4733.849999999999,LOSS,-1.61,-1.0,1.61
2026-05-07 16:34,2026-05-07 16:53,LONG,London,Thu,4736.05,4733.09,4741.97,4733.09,LOSS,-2.96,-1.0,2.96
2026-05-07 21:01,2026-05-07 21:02,LONG,NY,Thu,4746.0,4744.889999999999,4748.220000000001,4744.889999999999,LOSS,-1.11,-1.0,1.11
2026-05-07 21:07,2026-05-07 21:10,LONG,NY,Thu,4747.21,4745.16,4751.31,4745.16,LOSS,-2.05,-1.0,2.05
2026-05-11 15:34,2026-05-11 16:00,SHORT,London,Mon,4671.84,4674.400000000001,4666.719999999999,4666.719999999999,WIN,5.12,2.0,2.56
2026-05-11 16:07,2026-05-11 16:17,SHORT,London,Mon,4668.27,4669.610000000001,4665.59,4665.59,WIN,2.68,2.0,1.34
2026-05-11 16:55,2026-05-11 17:11,SHORT,London,Mon,4659.31,4662.51,4652.910000000001,4662.51,LOSS,-3.2,-1.0,3.2
2026-05-11 21:48,2026-05-11 21:52,LONG,NY,Mon,4729.93,4727.58,4734.630000000001,4727.58,LOSS,-2.35,-1.0,2.35
2026-05-11 21:53,2026-05-11 21:55,LONG,NY,Mon,4729.98,4727.349999999999,4735.24,4727.349999999999,LOSS,-2.63,-1.0,2.63
2026-05-12 16:03,2026-05-12 16:05,SHORT,London,Tue,4702.21,4702.75,4701.13,4701.13,WIN,1.08,2.0,0.54
2026-05-12 16:19,2026-05-12 16:23,SHORT,London,Tue,4698.8,4700.59,4695.22,4700.59,LOSS,-1.79,-1.0,1.79
2026-05-12 16:27,2026-05-12 16:30,SHORT,London,Tue,4699.02,4700.18,4696.700000000001,4700.18,LOSS,-1.16,-1.0,1.16
2026-05-12 21:10,2026-05-12 21:13,SHORT,NY,Tue,4687.93,4692.35,4679.09,4692.35,LOSS,-4.42,-1.0,4.42
2026-05-12 21:18,2026-05-12 21:31,SHORT,NY,Tue,4686.72,4691.12,4677.920000000001,4677.920000000001,WIN,8.8,2.0,4.4
2026-05-12 21:35,2026-05-12 21:38,SHORT,NY,Tue,4679.71,4687.05,4665.03,4687.05,LOSS,-7.34,-1.0,7.34
2026-05-13 15:21,2026-05-13 15:26,SHORT,London,Wed,4699.53,4701.1,4696.3899999999985,4696.3899999999985,WIN,3.14,2.0,1.57
2026-05-13 15:40,2026-05-13 15:53,SHORT,London,Wed,4697.84,4699.38,4694.76,4699.38,LOSS,-1.54,-1.0,1.54
2026-05-13 16:09,2026-05-13 16:14,SHORT,London,Wed,4698.46,4699.900000000001,4695.579999999999,4695.579999999999,WIN,2.88,2.0,1.44
2026-05-13 21:00,2026-05-13 21:07,SHORT,NY,Wed,4675.28,4680.78,4664.28,4680.78,LOSS,-5.5,-1.0,5.5
2026-05-13 21:09,2026-05-13 21:10,SHORT,NY,Wed,4677.74,4680.08,4673.0599999999995,4680.08,LOSS,-2.34,-1.0,2.34
2026-05-14 15:19,2026-05-14 15:20,LONG,London,Thu,4699.73,4699.28,4700.629999999999,4700.629999999999,WIN,0.9,2.0,0.45
2026-05-14 15:20,2026-05-14 15:23,LONG,London,Thu,4701.71,4699.19,4706.750000000001,4699.19,LOSS,-2.52,-1.0,2.52
2026-05-14 15:24,2026-05-14 15:43,LONG,London,Thu,4701.13,4697.83,4707.7300000000005,4697.83,LOSS,-3.3,-1.0,3.3
2026-05-14 21:38,2026-05-14 21:41,SHORT,NY,Thu,4688.51,4690.95,4683.630000000001,4690.95,LOSS,-2.44,-1.0,2.44
2026-05-14 21:43,2026-05-14 21:59,SHORT,NY,Thu,4686.95,4690.6900000000005,4679.469999999998,4679.469999999998,WIN,7.48,2.0,3.74
2026-05-14 22:40,2026-05-14 23:00,SHORT,NY,Thu,4684.67,4687.56,4678.889999999999,4684.58,WIN,0.09,0.03,2.89
2026-05-18 15:20,2026-05-18 15:50,LONG,London,Mon,4548.67,4545.29,4555.43,4555.43,WIN,6.76,2.0,3.38
2026-05-18 16:57,2026-05-18 17:00,SHORT,London,Mon,4542.87,4544.37,4539.87,4544.37,LOSS,-1.5,-1.0,1.5
2026-05-18 17:03,2026-05-18 17:05,SHORT,London,Mon,4541.99,4543.54,4538.889999999999,4538.889999999999,WIN,3.1,2.0,1.55
2026-05-18 21:53,2026-05-18 22:02,SHORT,NY,Mon,4544.16,4548.79,4534.9,4534.9,WIN,9.26,2.0,4.63
2026-05-18 22:09,2026-05-18 22:40,SHORT,NY,Mon,4536.7,4544.09,4521.919999999999,4544.09,LOSS,-7.39,-1.0,7.39
2026-05-19 15:40,2026-05-19 15:44,SHORT,London,Tue,4542.6,4543.7,4540.4000000000015,4543.7,LOSS,-1.1,-1.0,1.1
2026-05-19 15:57,2026-05-19 16:00,SHORT,London,Tue,4543.51,4544.56,4541.41,4541.41,WIN,2.1,2.0,1.05
2026-05-19 16:36,2026-05-19 16:38,SHORT,London,Tue,4540.93,4542.53,4537.730000000001,4537.730000000001,WIN,3.2,2.0,1.6
2026-05-19 21:19,2026-05-19 22:18,SHORT,NY,Tue,4495.05,4501.26,4482.63,4501.26,LOSS,-6.21,-1.0,6.21
2026-05-20 15:18,2026-05-20 15:19,LONG,London,Wed,4481.6,4480.4,4484.000000000002,4480.4,LOSS,-1.2,-1.0,1.2
2026-05-20 15:22,2026-05-20 15:30,LONG,London,Wed,4481.81,4478.49,4488.450000000002,4488.450000000002,WIN,6.64,2.0,3.32
2026-05-20 16:00,2026-05-20 16:06,LONG,London,Wed,4485.31,4483.3,4489.330000000001,4483.3,LOSS,-2.01,-1.0,2.01
2026-05-20 22:15,2026-05-20 23:00,LONG,NY,Wed,4544.8,4524.28,4585.840000000001,4530.27,LOSS,-14.53,-0.71,20.52
2026-05-21 15:46,2026-05-21 16:13,LONG,London,Thu,4532.16,4528.139999999999,4540.200000000001,4540.200000000001,WIN,8.04,2.0,4.02
2026-05-21 16:28,2026-05-21 16:29,LONG,London,Thu,4538.91,4537.29,4542.15,4537.29,LOSS,-1.62,-1.0,1.62
2026-05-21 16:30,2026-05-21 16:32,LONG,London,Thu,4539.68,4536.42,4546.200000000001,4536.42,LOSS,-3.26,-1.0,3.26
2026-05-21 21:11,2026-05-21 21:14,SHORT,NY,Thu,4505.65,4507.91,4501.129999999999,4507.91,LOSS,-2.26,-1.0,2.26
2026-05-21 21:15,2026-05-21 21:30,SHORT,NY,Thu,4504.93,4509.62,4495.550000000001,4509.62,LOSS,-4.69,-1.0,4.69
2026-05-25 15:36,2026-05-25 16:02,SHORT,London,Mon,4555.49,4557.7300000000005,4551.009999999998,4557.7300000000005,LOSS,-2.24,-1.0,2.24
2026-05-25 16:21,2026-05-25 16:24,SHORT,London,Mon,4555.92,4556.650000000001,4554.459999999999,4556.650000000001,LOSS,-0.73,-1.0,0.73
2026-05-25 22:02,2026-05-25 22:05,LONG,NY,Mon,4568.23,4567.099999999999,4570.49,4567.099999999999,LOSS,-1.13,-1.0,1.13
2026-05-25 22:10,2026-05-25 23:00,LONG,NY,Mon,4570.63,4565.86,4580.170000000001,4569.89,LOSS,-0.74,-0.16,4.77
2026-05-26 15:54,2026-05-26 15:59,SHORT,London,Tue,4524.31,4525.14,4522.650000000001,4522.650000000001,WIN,1.66,2.0,0.83
2026-05-26 16:00,2026-05-26 16:05,SHORT,London,Tue,4523.29,4524.76,4520.349999999999,4524.76,LOSS,-1.47,-1.0,1.47
2026-05-26 16:07,2026-05-26 16:19,SHORT,London,Tue,4522.66,4525.2,4517.58,4525.2,LOSS,-2.54,-1.0,2.54
2026-05-26 21:08,2026-05-26 21:11,SHORT,NY,Tue,4517.44,4519.92,4512.479999999999,4512.479999999999,WIN,4.96,2.0,2.48
